{
  "last_mail_date":"2018-03-14",
  "last_mm_version":"6.7.3",
  "ip":"10.231.55.232",
  "app_list":[
    {"app":"com.tencent.mm","name":"微信", "version":"6.7.3", "version_code":"1340"},
    {"app":"com.tencent.qqlive","name":"腾讯视频", "version":"6.2.5.17230", "version_code":"17230"},
    {"app":"com.qiyi.video","name":"爱奇艺", "version":"9.8.0", "version_code":"81140"},
    {"app":"com.youku.phone","name":"优酷视频", "version":"7.4.2", "version_code":"165"},
    {"app":"com.eg.android.AlipayGphone","name":"支付宝", "version":"10.1.30.663", "version_code":"130"},
    {"app":"com.tencent.qqmusic","name":"QQ音乐", "version":"8.6.0.6", "version_code":"866"},
    {"app":"com.kugou.android","name":"酷狗音乐", "version":"9.0.1", "version_code":"9010"},
    {"app":"com.netease.cloudmusic","name":"网易云音乐", "version":"5.5.0", "version_code":"123"},
    {"app":"com.mobike.mobikeapp","name":"摩拜单车", "version":"8.1.1", "version_code":"2065"},
    {"app":"so.ofo.labofo","name":"ofo共享单车", "version":"3.8.1", "version_code":"17333"},
    {"app":"com.ximalaya.ting.android","name":"喜马拉雅FM", "version":"6.5.16.3", "version_code":"172"},
    {"app":"com.sdu.didi.psnger","name":"滴滴出行", "version":"5.2.16", "version_code":"424"},
    {"app":"com.tencent.mobileqq","name":"QQ", "version":"7.7.8", "version_code":"908"},
    {"app":"com.taobao.taobao","name":"手机淘宝", "version":"7.11.20", "version_code":"204"},
    {"app":"com.jingdong.app.mall","name":"京东", "version":"7.1.2", "version_code":"61628"},
    {"app":"com.dianping.v1","name":"大众点评", "version":"10.4.5", "version_code":"100401"},
    {"app":"com.autonavi.minimap","name":"高德地图", "version":"8.65.0.2715", "version_code":"6650"},
    {"app":"com.tencent.map","name":"腾讯地图", "version":"7.9.9", "version_code":"526"},
    {"app":"com.baidu.BaiduMap","name":"百度地图", "version":"10.9.2", "version_code":"883"}

  ]
}